"intercept_mean","within_slope_mean","between_slope_mean","strong_negative_evidence_rate","conditional_evidence_rate","valid_simulation_rate","full_diagnostic_pass_rate","full_initial_diagnostic_pass_rate","full_retry_rate","full_retry_rescue_rate","null_diagnostic_pass_rate","null_initial_diagnostic_pass_rate","null_retry_rate","null_retry_rescue_rate","median_bridge_logbf_difference","mean_estimated_slope_sd","median_estimated_slope_sd","slope_sd_bias","slope_sd_relative_bias","slope_sd_rmse","slope_sd_coverage","mean_slope_sd_interval_width","median_slope_sd_interval_width","median_slope_sd_interval_width_ratio","slope_sd_collapse_threshold","slope_sd_collapse_rate","slope_recovery_valid_rate","random_slope_recovery_pass","total_divergences","TPR","FPR","full_divergence_pass_rate","full_rhat_pass_rate","full_bulk_ess_pass_rate","full_tail_ess_pass_rate","full_bfmi_pass_rate","full_treedepth_pass_rate","null_divergence_pass_rate","null_rhat_pass_rate","null_bulk_ess_pass_rate","null_tail_ess_pass_rate","null_bfmi_pass_rate","null_treedepth_pass_rate","bridge_attempt_rate","bridge_decision_stable_rate"
-0.3,-0.5,0,1,1,1,1,1,0,NA,1,0.91,0.09,1,0.0358840510188969,0.193381334359537,0.191190619215149,-0.00661866564046251,-0.0330933282023126,0.0671934191110554,0.97,0.322383261011097,0.318723592445594,1.59361796222797,0.05,0,1,TRUE,0,1,NA,1,1,1,1,1,1,1,1,1,1,1,1,1,1
-0.3,-0.4,0,1,1,1,1,1,0,NA,1,0.99,0.01,1,0.0288406711979974,0.186147367006593,0.171852077370834,-0.0138526329934072,-0.0692631649670362,0.0738071549105704,0.98,0.314583544372613,0.317119983041423,1.58559991520712,0.05,0,1,TRUE,0,1,NA,1,1,1,1,1,1,1,1,1,1,1,1,1,1
-0.3,-0.3,0,0.93,0.93,1,1,0.99,0.01,1,1,0.99,0.01,1,0.0286086533045307,0.184338687015775,0.16551465050024,-0.0156613129842251,-0.0783065649211254,0.0773144684540171,0.97,0.324197491352197,0.31974659405535,1.59873297027675,0.05,0,1,TRUE,0,0.93,NA,1,1,1,1,1,1,1,1,1,1,1,1,1,1
-0.3,-0.2,0,0.56,0.56,1,1,1,0,NA,1,1,0,NA,0.0226206796124586,0.170527469954805,0.160835661235014,-0.0294725300451953,-0.147362650225977,0.073381253964412,0.95,0.313045009617883,0.316387288785189,1.58193644392594,0.05,0,1,TRUE,0,0.56,NA,1,1,1,1,1,1,1,1,1,1,1,1,1,1
-0.3,-0.1,0,0.04,0.04,1,1,1,0,NA,1,1,0,NA,0.0301836307283168,0.197735209998092,0.185038871471791,-0.0022647900019081,-0.0113239500095405,0.0731864079548324,0.99,0.328341987913364,0.326794934326446,1.63397467163223,0.05,0,1,TRUE,0,0.04,NA,1,1,1,1,1,1,1,1,1,1,1,1,1,1
-0.3,0,0,0,0,1,1,1,0,NA,1,1,0,NA,0.0261020792935795,0.179344684319444,0.168313124917954,-0.0206553156805563,-0.103276578402781,0.0740395582199677,0.97,0.315248571784718,0.319413229234146,1.59706614617073,0.05,0,1,TRUE,0,NA,0,1,1,1,1,1,1,1,1,1,1,1,1,1,1
-0.3,0.1,0,0,0,0.99,1,1,0,NA,1,1,0,NA,0.0258692800796183,0.186859248968136,0.181049531219163,-0.0131407510318645,-0.0657037551593223,0.0720279181082704,0.97,0.319881894223107,0.315765995204941,1.5788299760247,0.05,0,1,TRUE,0,NA,NA,1,1,1,1,1,1,1,1,1,1,1,1,1,0.99
-0.3,0.2,0,0,0,1,1,0.99,0.01,1,1,1,0,NA,0.0257788574738953,0.200511038693655,0.191431142717396,0.000511038693654819,0.0025551934682741,0.0717382775442335,0.99,0.320702787391552,0.320739625803851,1.60369812901925,0.05,0,1,TRUE,0,NA,NA,1,1,1,1,1,1,1,1,1,1,1,1,1,1
-0.3,0.3,0,0,0,1,1,1,0,NA,1,1,0,NA,0.0288267008550775,0.200835378723239,0.202230173908498,0.000835378723238633,0.00417689361619317,0.0707785092922249,0.99,0.323129121002987,0.32751104468008,1.6375552234004,0.05,0,1,TRUE,0,NA,NA,1,1,1,1,1,1,1,1,1,1,1,1,1,1
-0.3,0.4,0,0,0,1,1,1,0,NA,1,0.97,0.03,1,0.0256823829308672,0.174066619973701,0.163604677182565,-0.0259333800262986,-0.129666900131493,0.071355353122798,0.99,0.31093386988335,0.315172149153966,1.57586074576983,0.05,0,1,TRUE,0,NA,NA,1,1,1,1,1,1,1,1,1,1,1,1,1,1
-0.3,0.5,0,0,0,1,1,1,0,NA,1,0.91,0.09,1,0.0412683721046676,0.193959160074808,0.187370310494053,-0.00604083992519214,-0.0302041996259607,0.0663508475880711,0.99,0.323577167735716,0.325036826890381,1.62518413445191,0.05,0,1,TRUE,0,NA,NA,1,1,1,1,1,1,1,1,1,1,1,1,1,1
0,-0.5,0,0.99,1,0.99,1,1,0,NA,0.99,0.88,0.12,0.916666666666667,0.0337303330055079,0.186481346027913,0.170659731587244,-0.0135186539720869,-0.0675932698604344,0.0721015842219902,1,0.318745912924466,0.317773642160232,1.58886821080116,0.05,0,1,TRUE,0,0.99,NA,1,1,1,1,1,1,1,0.99,1,1,1,1,0.99,1
0,-0.4,0,1,1,1,1,1,0,NA,1,0.97,0.03,1,0.0327412705679961,0.181526089407241,0.168306601632263,-0.0184739105927589,-0.0923695529637947,0.0716887183412309,0.99,0.318797161207865,0.322913960623394,1.61456980311697,0.05,0,1,TRUE,0,1,NA,1,1,1,1,1,1,1,1,1,1,1,1,1,1
0,-0.3,0,0.94,0.94,1,1,0.99,0.01,1,1,1,0,NA,0.0249607779109624,0.194199311668464,0.183619912423931,-0.00580068833153621,-0.0290034416576811,0.0660563335787237,0.99,0.326881168639085,0.329015499049171,1.64507749524586,0.05,0,1,TRUE,0,0.94,NA,1,1,1,1,1,1,1,1,1,1,1,1,1,1
0,-0.2,0,0.62,0.62,1,1,1,0,NA,1,1,0,NA,0.0298943357403658,0.18704857394184,0.188544839091373,-0.0129514260581595,-0.0647571302907977,0.0645731032754634,1,0.326732132727148,0.32943439707069,1.64717198535345,0.05,0,1,TRUE,0,0.62,NA,1,1,1,1,1,1,1,1,1,1,1,1,1,1
0,-0.1,0,0.05,0.0505050505050505,0.99,1,1,0,NA,1,1,0,NA,0.0240582310766229,0.180693468629612,0.170254371709178,-0.0193065313703878,-0.0965326568519391,0.0690502326683265,0.98,0.319964155498835,0.30917063802956,1.5458531901478,0.05,0,1,TRUE,0,0.05,NA,1,1,1,1,1,1,1,1,1,1,1,1,1,0.99
0,0,0,0,0,1,1,1,0,NA,1,1,0,NA,0.0304335467102419,0.191471274664023,0.187044532508915,-0.0085287253359774,-0.042643626679887,0.0644357651374495,0.97,0.329436254849982,0.334566065448141,1.67283032724071,0.05,0,1,TRUE,0,NA,0,1,1,1,1,1,1,1,1,1,1,1,1,1,1
0,0.1,0,0,0,1,1,1,0,NA,1,1,0,NA,0.0288088656343319,0.186804927864212,0.186985137670363,-0.0131950721357881,-0.0659753606789405,0.0677383793106794,0.98,0.323301653143011,0.319372946473359,1.59686473236679,0.05,0,1,TRUE,0,NA,NA,1,1,1,1,1,1,1,1,1,1,1,1,1,1
0,0.2,0,0,0,1,1,1,0,NA,1,1,0,NA,0.0225850726178578,0.176449312851285,0.16577397845225,-0.0235506871487148,-0.117753435743574,0.0677069940303776,1,0.322191947372872,0.31669029537722,1.5834514768861,0.05,0,1,TRUE,0,NA,NA,1,1,1,1,1,1,1,1,1,1,1,1,1,1
0,0.3,0,0,0,1,1,0.99,0.01,1,1,1,0,NA,0.0289996475222694,0.178732816045396,0.16787257711164,-0.0212671839546036,-0.106335919773018,0.0705039151332759,1,0.314507700917113,0.312277906092828,1.56138953046414,0.05,0,1,TRUE,0,NA,NA,1,1,1,1,1,1,1,1,1,1,1,1,1,1
0,0.4,0,0,0,1,1,1,0,NA,1,0.96,0.04,1,0.0325084075790727,0.187665460330621,0.17935975852806,-0.0123345396693792,-0.0616726983468961,0.0676295394513435,0.98,0.325800367564193,0.325069131051813,1.62534565525907,0.05,0,1,TRUE,0,NA,NA,1,1,1,1,1,1,1,1,1,1,1,1,1,1
0,0.5,0,0,0,1,1,1,0,NA,1,0.89,0.11,1,0.0376163700980641,0.181770575143555,0.173246037112974,-0.0182294248564448,-0.0911471242822241,0.0618384542321871,0.99,0.320273549987199,0.321459780520002,1.60729890260001,0.05,0,1,TRUE,0,NA,NA,1,1,1,1,1,1,1,1,1,1,1,1,1,1
